candidate_id,complete_config_id,family,level,interval_fast_blocks,interval_mid_blocks,interval_slow_blocks,residual_new_weight,threshold_scale,block_size_samples,algorithm,paired_reference_algorithm,trajectory,seed,output_snr_db,a2_output_snr_db,paired_snr_difference_db,frequency_mae_hz,tracker_calls,a2_tracker_calls,tracker_calls_reduction_fraction,state_fast_samples,state_mid_samples,state_slow_samples,state_transitions,host_ns_per_sample,host_tsc_ticks_per_sample,finite
block-size-100,3e206426e5a4aa36,block_size_samples,100,1,3,12,0.15,1.0,100,3,2,F1,100,13.928815043,14.183063827,-0.2542487839999996,0.10506568,20,160,0.875,1399,600,6001,5,328.7,757.30075,1
block-size-100,3e206426e5a4aa36,block_size_samples,100,1,3,12,0.15,1.0,100,3,2,F1,101,13.877065982,14.124023881,-0.24695789899999987,0.104026794,19,160,0.88125,1299,600,6101,5,312.7375,720.5155,1
block-size-100,3e206426e5a4aa36,block_size_samples,100,1,3,12,0.15,1.0,100,3,2,F1,102,13.877885782,14.11710914,-0.23922335800000027,0.100194311,20,160,0.875,1399,600,6001,5,328.2125,756.18575,1
block-size-100,3e206426e5a4aa36,block_size_samples,100,1,3,12,0.15,1.0,100,3,2,F1,103,13.88842269,14.139194957,-0.2507722670000003,0.102749348,20,160,0.875,1399,600,6001,5,319.275,735.60375,1
block-size-100,3e206426e5a4aa36,block_size_samples,100,1,3,12,0.15,1.0,100,3,2,F1,104,13.498460322,14.170967185,-0.6725068630000006,0.125824308,20,160,0.875,1399,900,5701,6,321.0125,739.61925,1
block-size-100,3e206426e5a4aa36,block_size_samples,100,1,3,12,0.15,1.0,100,3,2,F1,105,13.875214369,14.116650424,-0.24143605499999943,0.100194311,20,160,0.875,1399,600,6001,5,329.125,758.252875,1
block-size-100,3e206426e5a4aa36,block_size_samples,100,1,3,12,0.15,1.0,100,3,2,F1,106,13.997842183,14.219201225,-0.22135904200000134,0.086357784,20,160,0.875,1399,600,6001,5,335.0625,771.92825,1
block-size-100,3e206426e5a4aa36,block_size_samples,100,1,3,12,0.15,1.0,100,3,2,F1,107,14.018787957,14.250070828,-0.23128287099999945,0.085948658,19,160,0.88125,1299,600,6101,5,308.85,711.446,1
block-size-100,3e206426e5a4aa36,block_size_samples,100,1,3,12,0.15,1.0,100,3,2,F1,108,13.921614721,14.172009204,-0.2503944830000009,0.103125429,20,160,0.875,1399,600,6001,5,329.775,759.7545,1
block-size-100,3e206426e5a4aa36,block_size_samples,100,1,3,12,0.15,1.0,100,3,2,F1,109,13.958030862,14.178161631,-0.22013076900000073,0.094774151,19,160,0.88125,1299,600,6101,5,316.7125,729.585875,1
block-size-100,3e206426e5a4aa36,block_size_samples,100,1,3,12,0.15,1.0,100,3,2,F3,100,13.658009451,15.7829911,-2.1249816490000004,0.331316518,9,160,0.94375,299,300,7401,2,139.225,320.70325,1
block-size-100,3e206426e5a4aa36,block_size_samples,100,1,3,12,0.15,1.0,100,3,2,F3,101,13.649618722,15.673707929,-2.024089207000001,0.319603185,9,160,0.94375,299,300,7401,2,148.45,341.953375,1
block-size-100,3e206426e5a4aa36,block_size_samples,100,1,3,12,0.15,1.0,100,3,2,F3,102,13.669849046,15.693642817,-2.023793771000001,0.317468882,9,160,0.94375,299,300,7401,2,135.9625,313.21325,1
block-size-100,3e206426e5a4aa36,block_size_samples,100,1,3,12,0.15,1.0,100,3,2,F3,103,14.009094014,15.714898221,-1.705804207,0.28412373,10,160,0.9375,299,1000,6701,4,153.8375,354.374,1
block-size-100,3e206426e5a4aa36,block_size_samples,100,1,3,12,0.15,1.0,100,3,2,F3,104,13.745716707,15.760842509,-2.015125802,0.31723351,9,160,0.94375,299,500,7201,2,136.225,313.824875,1
block-size-100,3e206426e5a4aa36,block_size_samples,100,1,3,12,0.15,1.0,100,3,2,F3,105,13.66955306,15.699915317,-2.030362257,0.317468882,9,160,0.94375,299,300,7401,2,137.925,317.773,1
block-size-100,3e206426e5a4aa36,block_size_samples,100,1,3,12,0.15,1.0,100,3,2,F3,106,13.744536955,15.839506387,-2.094969432000001,0.312488173,9,160,0.94375,299,300,7401,2,132.7375,305.77075,1
block-size-100,3e206426e5a4aa36,block_size_samples,100,1,3,12,0.15,1.0,100,3,2,F3,107,13.770683598,15.867205328,-2.096521730000001,0.311434316,9,160,0.94375,299,300,7401,2,133.525,307.65025,1
block-size-100,3e206426e5a4aa36,block_size_samples,100,1,3,12,0.15,1.0,100,3,2,F3,108,13.66906306,15.775287621,-2.106224561000001,0.32873783,9,160,0.94375,299,300,7401,2,136.8625,315.3275,1
block-size-100,3e206426e5a4aa36,block_size_samples,100,1,3,12,0.15,1.0,100,3,2,F3,109,13.664630497,15.744740631,-2.0801101340000017,0.321589469,9,160,0.94375,299,300,7401,2,153.2375,352.995875,1
block-size-100,3e206426e5a4aa36,block_size_samples,100,1,3,12,0.15,1.0,100,3,2,F4,100,12.478919233,14.628981172,-2.1500619390000004,0.397281563,38,160,0.7625,3099,2100,2801,14,634.2875,1461.325875,1
block-size-100,3e206426e5a4aa36,block_size_samples,100,1,3,12,0.15,1.0,100,3,2,F4,101,12.677663227,14.6456862,-1.968022973,0.374897497,36,160,0.775,2799,2800,2401,14,638.075,1470.09375,1
block-size-100,3e206426e5a4aa36,block_size_samples,100,1,3,12,0.15,1.0,100,3,2,F4,102,12.645356101,14.640476007,-1.9951199059999993,0.377705406,37,160,0.76875,2899,2700,2401,14,656.725,1513.023375,1
block-size-100,3e206426e5a4aa36,block_size_samples,100,1,3,12,0.15,1.0,100,3,2,F4,103,12.576038138,14.669328105,-2.0932899670000005,0.381028533,36,160,0.775,2799,2600,2601,14,630.725,1453.114,1
block-size-100,3e206426e5a4aa36,block_size_samples,100,1,3,12,0.15,1.0,100,3,2,F4,104,12.55846636,14.721445583,-2.162979222999999,0.396122619,35,160,0.78125,2699,1801,3500,15,608.1125,1400.991875,1
block-size-100,3e206426e5a4aa36,block_size_samples,100,1,3,12,0.15,1.0,100,3,2,F4,105,12.627228644,14.645887715,-2.018659071,0.377549921,37,160,0.76875,2899,2600,2501,14,631.95,1455.905125,1
block-size-100,3e206426e5a4aa36,block_size_samples,100,1,3,12,0.15,1.0,100,3,2,F4,106,12.566795316,14.700889168,-2.1340938519999995,0.393124339,35,160,0.78125,2699,2500,2801,14,579.2375,1334.430125,1
block-size-100,3e206426e5a4aa36,block_size_samples,100,1,3,12,0.15,1.0,100,3,2,F4,107,12.648669644,14.742834364,-2.09416472,0.387057732,39,160,0.75625,2999,2800,2201,14,679.7,1565.814125,1
block-size-100,3e206426e5a4aa36,block_size_samples,100,1,3,12,0.15,1.0,100,3,2,F4,108,12.495944622,14.621937906,-2.1259932839999998,0.395288033,37,160,0.76875,2999,2300,2701,14,627.4875,1445.618875,1
block-size-100,3e206426e5a4aa36,block_size_samples,100,1,3,12,0.15,1.0,100,3,2,F4,109,12.374538172,14.608883071,-2.234344899,0.403132839,36,160,0.775,2699,2700,2601,14,612.85,1411.92875,1
block-size-25,80364918997deba9,block_size_samples,25,1,3,12,0.15,1.0,25,3,2,F1,100,14.319706402,14.183063827,0.13664257499999977,0.073385406,320,160,-1.0,8000,0,0,0,5472.6,12608.607625,1
block-size-25,80364918997deba9,block_size_samples,25,1,3,12,0.15,1.0,25,3,2,F1,101,14.260677227,14.124023881,0.136653346000001,0.072343707,320,160,-1.0,8000,0,0,0,5478.3125,12621.80625,1
block-size-25,80364918997deba9,block_size_samples,25,1,3,12,0.15,1.0,25,3,2,F1,102,14.259288216,14.11710914,0.14217907599999968,0.070937455,320,160,-1.0,8000,0,0,0,5656.6625,13032.680375,1
block-size-25,80364918997deba9,block_size_samples,25,1,3,12,0.15,1.0,25,3,2,F1,103,14.285073506,14.139194957,0.14587854899999897,0.0720312,320,160,-1.0,8000,0,0,0,5634.125,12980.75475,1
block-size-25,80364918997deba9,block_size_samples,25,1,3,12,0.15,1.0,25,3,2,F1,104,14.33422519,14.170967185,0.16325800499999943,0.073125029,320,160,-1.0,8000,0,0,0,5607.1625,12918.6515,1
block-size-25,80364918997deba9,block_size_samples,25,1,3,12,0.15,1.0,25,3,2,F1,105,14.259336873,14.116650424,0.14268644900000105,0.070937455,320,160,-1.0,8000,0,0,0,5478.675,12622.6555,1
block-size-25,80364918997deba9,block_size_samples,25,1,3,12,0.15,1.0,25,3,2,F1,106,14.35552198,14.219201225,0.13632075499999985,0.069947875,320,160,-1.0,8000,0,0,0,5441.4875,12536.947875,1
block-size-25,80364918997deba9,block_size_samples,25,1,3,12,0.15,1.0,25,3,2,F1,107,14.38538326,14.250070828,0.1353124319999992,0.069869757,320,160,-1.0,8000,0,0,0,5737.125,13218.07575,1
block-size-25,80364918997deba9,block_size_samples,25,1,3,12,0.15,1.0,25,3,2,F1,108,14.309534359,14.172009204,0.1375251550000005,0.073541677,320,160,-1.0,8000,0,0,0,5543.05,12770.935125,1
block-size-25,80364918997deba9,block_size_samples,25,1,3,12,0.15,1.0,25,3,2,F1,109,14.304178498,14.178161631,0.1260168670000006,0.070572841,320,160,-1.0,8000,0,0,0,5348.3375,12322.293,1
block-size-25,80364918997deba9,block_size_samples,25,1,3,12,0.15,1.0,25,3,2,F3,100,15.807286457,15.7829911,0.02429535699999974,0.073541688,320,160,-1.0,8000,0,0,0,5667.025,13056.525,1
block-size-25,80364918997deba9,block_size_samples,25,1,3,12,0.15,1.0,25,3,2,F3,101,15.709850125,15.673707929,0.036142196000000126,0.072187494,320,160,-1.0,8000,0,0,0,5494.5,12659.127,1
block-size-25,80364918997deba9,block_size_samples,25,1,3,12,0.15,1.0,25,3,2,F3,102,15.725791477,15.693642817,0.03214865999999894,0.071093797,320,160,-1.0,8000,0,0,0,5493.425,12656.5715,1
block-size-25,80364918997deba9,block_size_samples,25,1,3,12,0.15,1.0,25,3,2,F3,103,15.750021994,15.714898221,0.03512377300000047,0.072656225,320,160,-1.0,8000,0,0,0,5632.75,12977.6425,1
block-size-25,80364918997deba9,block_size_samples,25,1,3,12,0.15,1.0,25,3,2,F3,104,15.817401552,15.760842509,0.05655904300000003,0.07281258,320,160,-1.0,8000,0,0,0,5540.575,12764.841875,1
block-size-25,80364918997deba9,block_size_samples,25,1,3,12,0.15,1.0,25,3,2,F3,105,15.732197071,15.699915317,0.03228175399999955,0.070937513,320,160,-1.0,8000,0,0,0,5615.0875,12936.9385,1
block-size-25,80364918997deba9,block_size_samples,25,1,3,12,0.15,1.0,25,3,2,F3,106,15.860044938,15.839506387,0.020538550999999572,0.06994785,320,160,-1.0,8000,0,0,0,5834.8125,13443.3085,1
block-size-25,80364918997deba9,block_size_samples,25,1,3,12,0.15,1.0,25,3,2,F3,107,15.889118608,15.867205328,0.021913279999999702,0.07002598,320,160,-1.0,8000,0,0,0,5437.125,12526.86725,1
block-size-25,80364918997deba9,block_size_samples,25,1,3,12,0.15,1.0,25,3,2,F3,108,15.792746591,15.775287621,0.01745896999999985,0.073698019,320,160,-1.0,8000,0,0,0,5530.225,12741.432,1
block-size-25,80364918997deba9,block_size_samples,25,1,3,12,0.15,1.0,25,3,2,F3,109,15.765317858,15.744740631,0.020577226999998643,0.071041821,320,160,-1.0,8000,0,0,0,5511.05,12697.252875,1
block-size-25,80364918997deba9,block_size_samples,25,1,3,12,0.15,1.0,25,3,2,F4,100,14.850048456,14.628981172,0.22106728400000009,0.220305289,320,160,-1.0,8000,0,0,0,5646.3125,13008.92625,1
block-size-25,80364918997deba9,block_size_samples,25,1,3,12,0.15,1.0,25,3,2,F4,101,14.830509594,14.6456862,0.18482339400000036,0.211786303,320,160,-1.0,8000,0,0,0,5546.7625,12779.513,1
block-size-25,80364918997deba9,block_size_samples,25,1,3,12,0.15,1.0,25,3,2,F4,102,14.841452564,14.640476007,0.2009765570000006,0.21155516,320,160,-1.0,8000,0,0,0,5424.2625,12497.294125,1
block-size-25,80364918997deba9,block_size_samples,25,1,3,12,0.15,1.0,25,3,2,F4,103,14.857157857,14.669328105,0.18782975200000074,0.211795616,320,160,-1.0,8000,0,0,0,5576.675,12848.407125,1
block-size-25,80364918997deba9,block_size_samples,25,1,3,12,0.15,1.0,25,3,2,F4,104,14.927119293,14.721445583,0.205673710000001,0.212545312,320,160,-1.0,8000,0,0,0,5508.025,12690.22375,1
block-size-25,80364918997deba9,block_size_samples,25,1,3,12,0.15,1.0,25,3,2,F4,105,14.839433364,14.645887715,0.19354564899999893,0.212161355,320,160,-1.0,8000,0,0,0,5527.975,12736.23525,1
block-size-25,80364918997deba9,block_size_samples,25,1,3,12,0.15,1.0,25,3,2,F4,106,14.913463052,14.700889168,0.2125738840000011,0.216789447,320,160,-1.0,8000,0,0,0,5549.3125,12785.389625,1
block-size-25,80364918997deba9,block_size_samples,25,1,3,12,0.15,1.0,25,3,2,F4,107,14.95507291,14.742834364,0.21223854600000003,0.215383268,320,160,-1.0,8000,0,0,0,5653.4375,13025.218,1
block-size-25,80364918997deba9,block_size_samples,25,1,3,12,0.15,1.0,25,3,2,F4,108,14.841726436,14.621937906,0.21978853000000065,0.220224572,320,160,-1.0,8000,0,0,0,5534.4,12751.0355,1
block-size-25,80364918997deba9,block_size_samples,25,1,3,12,0.15,1.0,25,3,2,F4,109,14.818326927,14.608883071,0.20944385600000004,0.217646542,320,160,-1.0,8000,0,0,0,5580.0375,12856.103125,1
block-size-50,da2acf7eee63d91c,block_size_samples,50,1,3,12,0.15,1.0,50,3,2,F1,100,14.183063351,14.183063827,-4.7600000030456613e-07,0.07927289,39,160,0.75625,1449,350,6201,5,612.275,1410.61375,1
block-size-50,da2acf7eee63d91c,block_size_samples,50,1,3,12,0.15,1.0,50,3,2,F1,101,14.124023881,14.124023881,0.0,0.079062414,42,160,0.7375,1599,300,6101,5,661.0625,1523.03625,1
block-size-50,da2acf7eee63d91c,block_size_samples,50,1,3,12,0.15,1.0,50,3,2,F1,102,14.11710914,14.11710914,0.0,0.077812529,42,160,0.7375,1599,300,6101,5,666.275,1535.045,1
block-size-50,da2acf7eee63d91c,block_size_samples,50,1,3,12,0.15,1.0,50,3,2,F1,103,14.139194957,14.139194957,0.0,0.078750014,42,160,0.7375,1599,300,6101,5,673.3625,1551.374625,1
block-size-50,da2acf7eee63d91c,block_size_samples,50,1,3,12,0.15,1.0,50,3,2,F1,104,14.170967185,14.170967185,0.0,0.080937552,41,160,0.74375,1549,300,6151,5,643.3125,1482.1175,1
block-size-50,da2acf7eee63d91c,block_size_samples,50,1,3,12,0.15,1.0,50,3,2,F1,105,14.116650424,14.116650424,0.0,0.077812529,42,160,0.7375,1599,300,6101,5,666.775,1536.2105,1
block-size-50,da2acf7eee63d91c,block_size_samples,50,1,3,12,0.15,1.0,50,3,2,F1,106,14.219201219,14.219201225,-6.000000496442226e-09,0.074896336,40,160,0.75,1499,300,6201,5,645.0,1486.00025,1
block-size-50,da2acf7eee63d91c,block_size_samples,50,1,3,12,0.15,1.0,50,3,2,F1,107,14.250070828,14.250070828,0.0,0.075051999,42,160,0.7375,1599,300,6101,5,698.825,1610.03075,1
block-size-50,da2acf7eee63d91c,block_size_samples,50,1,3,12,0.15,1.0,50,3,2,F1,108,14.172010107,14.172009204,9.030000001075678e-07,0.079273033,40,160,0.75,1499,300,6201,5,631.725,1455.40525,1
block-size-50,da2acf7eee63d91c,block_size_samples,50,1,3,12,0.15,1.0,50,3,2,F1,109,14.178160601,14.178161631,-1.0299999999574538e-06,0.075833821,39,160,0.75625,1449,300,6251,5,610.9625,1407.57325,1
block-size-50,da2acf7eee63d91c,block_size_samples,50,1,3,12,0.15,1.0,50,3,2,F3,100,15.147606959,15.7829911,-0.6353841409999994,0.177081656,25,160,0.84375,599,500,6901,4,361.85,833.69725,1
block-size-50,da2acf7eee63d91c,block_size_samples,50,1,3,12,0.15,1.0,50,3,2,F3,101,14.983942587,15.673707929,-0.6897653420000012,0.183899735,29,160,0.81875,699,1000,6301,6,423.0625,974.71375,1
block-size-50,da2acf7eee63d91c,block_size_samples,50,1,3,12,0.15,1.0,50,3,2,F3,102,15.001974081,15.693642817,-0.6916687360000005,0.182649802,29,160,0.81875,699,1050,6251,6,436.8125,1006.348875,1
block-size-50,da2acf7eee63d91c,block_size_samples,50,1,3,12,0.15,1.0,50,3,2,F3,103,15.029924645,15.714898221,-0.6849735760000009,0.18077352,30,160,0.8125,699,1150,6151,6,451.475,1040.10275,1
block-size-50,da2acf7eee63d91c,block_size_samples,50,1,3,12,0.15,1.0,50,3,2,F3,104,15.007923003,15.760842509,-0.7529195059999996,0.19393897,25,160,0.84375,649,150,7201,2,370.25,852.9745,1
block-size-50,da2acf7eee63d91c,block_size_samples,50,1,3,12,0.15,1.0,50,3,2,F3,105,14.983275846,15.699915317,-0.7166394710000006,0.182995509,29,160,0.81875,699,1150,6151,8,427.7875,985.60125,1
block-size-50,da2acf7eee63d91c,block_size_samples,50,1,3,12,0.15,1.0,50,3,2,F3,106,15.209310067,15.839506387,-0.6301963199999996,0.170553731,25,160,0.84375,599,500,6901,4,364.2375,839.16875,1
block-size-50,da2acf7eee63d91c,block_size_samples,50,1,3,12,0.15,1.0,50,3,2,F3,107,15.217089629,15.867205328,-0.6501156990000005,0.172792791,28,160,0.825,699,1050,6251,8,419.325,966.0775,1
block-size-50,da2acf7eee63d91c,block_size_samples,50,1,3,12,0.15,1.0,50,3,2,F3,108,15.139752195,15.775287621,-0.6355354260000006,0.179069804,25,160,0.84375,599,450,6951,4,363.9375,838.4525,1
block-size-50,da2acf7eee63d91c,block_size_samples,50,1,3,12,0.15,1.0,50,3,2,F3,109,15.139013596,15.744740631,-0.605727035000001,0.172312712,24,160,0.85,599,450,6951,4,345.125,795.115875,1
block-size-50,da2acf7eee63d91c,block_size_samples,50,1,3,12,0.15,1.0,50,3,2,F4,100,14.156654379,14.628981172,-0.4723267929999988,0.275383827,92,160,0.425,4000,1500,2500,14,1524.3,3511.821875,1
block-size-50,da2acf7eee63d91c,block_size_samples,50,1,3,12,0.15,1.0,50,3,2,F4,101,14.177062853,14.6456862,-0.4686233469999994,0.265343238,84,160,0.475,3450,1750,2800,13,1417.9875,3266.79275,1
block-size-50,da2acf7eee63d91c,block_size_samples,50,1,3,12,0.15,1.0,50,3,2,F4,102,14.180783104,14.640476007,-0.45969290300000054,0.262778064,86,160,0.4625,3850,850,3300,12,1426.7375,3287.09475,1
block-size-50,da2acf7eee63d91c,block_size_samples,50,1,3,12,0.15,1.0,50,3,2,F4,103,14.255999672,14.669328105,-0.4133284330000002,0.25992299,88,160,0.45,3800,1350,2850,13,1504.8,3466.961875,1
block-size-50,da2acf7eee63d91c,block_size_samples,50,1,3,12,0.15,1.0,50,3,2,F4,104,14.193981073,14.721445583,-0.5274645099999997,0.269552616,87,160,0.45625,3850,1300,2850,13,1443.125,3324.786,1
block-size-50,da2acf7eee63d91c,block_size_samples,50,1,3,12,0.15,1.0,50,3,2,F4,105,14.195254179,14.645887715,-0.4506335359999998,0.260978418,88,160,0.45,4000,750,3250,12,1485.8625,3423.301625,1
block-size-50,da2acf7eee63d91c,block_size_samples,50,1,3,12,0.15,1.0,50,3,2,F4,106,14.186464536,14.700889168,-0.514424631999999,0.272563704,88,160,0.45,3950,1050,3000,13,1460.9625,3365.90775,1
block-size-50,da2acf7eee63d91c,block_size_samples,50,1,3,12,0.15,1.0,50,3,2,F4,107,14.251306642,14.742834364,-0.4915277220000007,0.268333811,88,160,0.45,4000,650,3350,12,1445.225,3329.5605,1
block-size-50,da2acf7eee63d91c,block_size_samples,50,1,3,12,0.15,1.0,50,3,2,F4,108,14.121061602,14.621937906,-0.5008763040000002,0.275295845,90,160,0.4375,4100,900,3000,13,1481.0125,3412.0335,1
block-size-50,da2acf7eee63d91c,block_size_samples,50,1,3,12,0.15,1.0,50,3,2,F4,109,14.182797758,14.608883071,-0.42608531299999974,0.268924871,91,160,0.43125,4000,1250,2750,13,1497.175,3449.316875,1
intervals-1-2-6,4b523f7360c450e6,state_intervals,1/2/6,1,2,6,0.15,1.0,50,3,2,F1,100,14.183064184,14.183063827,3.569999993402462e-07,0.079271817,51,160,0.68125,1449,350,6201,5,821.925,1893.668125,1
intervals-1-2-6,4b523f7360c450e6,state_intervals,1/2/6,1,2,6,0.15,1.0,50,3,2,F1,101,14.124023881,14.124023881,0.0,0.079062414,53,160,0.66875,1599,300,6101,5,851.0125,1960.68925,1
intervals-1-2-6,4b523f7360c450e6,state_intervals,1/2/6,1,2,6,0.15,1.0,50,3,2,F1,102,14.11710914,14.11710914,0.0,0.077812529,53,160,0.66875,1599,300,6101,5,844.325,1945.25275,1
intervals-1-2-6,4b523f7360c450e6,state_intervals,1/2/6,1,2,6,0.15,1.0,50,3,2,F1,103,14.139194957,14.139194957,0.0,0.078750014,53,160,0.66875,1599,300,6101,5,871.125,2006.959625,1
intervals-1-2-6,4b523f7360c450e6,state_intervals,1/2/6,1,2,6,0.15,1.0,50,3,2,F1,104,14.170967185,14.170967185,0.0,0.080937529,52,160,0.675,1549,300,6151,5,853.2,1965.6925,1
intervals-1-2-6,4b523f7360c450e6,state_intervals,1/2/6,1,2,6,0.15,1.0,50,3,2,F1,105,14.116650424,14.116650424,0.0,0.077812529,53,160,0.66875,1599,300,6101,5,866.1,1995.36525,1
intervals-1-2-6,4b523f7360c450e6,state_intervals,1/2/6,1,2,6,0.15,1.0,50,3,2,F1,106,14.219201406,14.219201225,1.809999989887956e-07,0.074896097,51,160,0.68125,1499,300,6201,5,817.15,1882.61275,1
intervals-1-2-6,4b523f7360c450e6,state_intervals,1/2/6,1,2,6,0.15,1.0,50,3,2,F1,107,14.250070828,14.250070828,0.0,0.075051999,53,160,0.66875,1599,300,6101,5,866.55,1996.45275,1
intervals-1-2-6,4b523f7360c450e6,state_intervals,1/2/6,1,2,6,0.15,1.0,50,3,2,F1,108,14.172010059,14.172009204,8.549999996887436e-07,0.079271889,51,160,0.68125,1499,300,6201,5,840.9875,1937.543625,1
intervals-1-2-6,4b523f7360c450e6,state_intervals,1/2/6,1,2,6,0.15,1.0,50,3,2,F1,109,14.178161554,14.178161631,-7.699999926558121e-08,0.075833583,51,160,0.68125,1449,300,6251,5,849.125,1956.167125,1
intervals-1-2-6,4b523f7360c450e6,state_intervals,1/2/6,1,2,6,0.15,1.0,50,3,2,F3,100,15.432979998,15.7829911,-0.35001110199999985,0.143789791,36,160,0.775,599,150,7251,2,557.675,1284.8705,1
intervals-1-2-6,4b523f7360c450e6,state_intervals,1/2/6,1,2,6,0.15,1.0,50,3,2,F3,101,15.410056281,15.673707929,-0.2636516480000015,0.13108828,38,160,0.7625,699,150,7151,2,588.2625,1355.33275,1
intervals-1-2-6,4b523f7360c450e6,state_intervals,1/2/6,1,2,6,0.15,1.0,50,3,2,F3,102,15.430322809,15.693642817,-0.2633200080000009,0.129838346,38,160,0.7625,699,150,7151,2,633.575,1459.673625,1
intervals-1-2-6,4b523f7360c450e6,state_intervals,1/2/6,1,2,6,0.15,1.0,50,3,2,F3,103,15.447623979,15.714898221,-0.26727424200000094,0.130775832,38,160,0.7625,699,150,7151,2,626.5875,1443.5955,1
intervals-1-2-6,4b523f7360c450e6,state_intervals,1/2/6,1,2,6,0.15,1.0,50,3,2,F3,104,15.553210046,15.760842509,-0.2076324629999995,0.122034286,37,160,0.76875,649,150,7201,2,571.375,1316.39925,1
intervals-1-2-6,4b523f7360c450e6,state_intervals,1/2/6,1,2,6,0.15,1.0,50,3,2,F3,105,15.432496258,15.699915317,-0.26741905899999985,0.129838346,38,160,0.7625,699,150,7151,2,623.9,1437.38575,1
intervals-1-2-6,4b523f7360c450e6,state_intervals,1/2/6,1,2,6,0.15,1.0,50,3,2,F3,106,15.478748799,15.839506387,-0.36075758800000024,0.139414071,36,160,0.775,599,150,7251,2,578.05,1331.74225,1
intervals-1-2-6,4b523f7360c450e6,state_intervals,1/2/6,1,2,6,0.15,1.0,50,3,2,F3,107,15.590695373,15.867205328,-0.27650995499999986,0.126765322,38,160,0.7625,699,150,7151,2,601.9875,1386.8625,1
intervals-1-2-6,4b523f7360c450e6,state_intervals,1/2/6,1,2,6,0.15,1.0,50,3,2,F3,108,15.419636956,15.775287621,-0.35565066500000064,0.143477367,36,160,0.775,599,150,7251,2,564.1125,1299.613875,1
intervals-1-2-6,4b523f7360c450e6,state_intervals,1/2/6,1,2,6,0.15,1.0,50,3,2,F3,109,15.393700261,15.744740631,-0.35104037000000154,0.140664076,36,160,0.775,599,150,7251,2,605.075,1393.982875,1
intervals-1-2-6,4b523f7360c450e6,state_intervals,1/2/6,1,2,6,0.15,1.0,50,3,2,F4,100,14.175415409,14.628981172,-0.4535657630000003,0.275554657,98,160,0.3875,4099,901,3000,12,1700.925,3918.827125,1
intervals-1-2-6,4b523f7360c450e6,state_intervals,1/2/6,1,2,6,0.15,1.0,50,3,2,F4,101,14.173377179,14.6456862,-0.47230902100000094,0.266408727,91,160,0.43125,3450,1300,3250,12,1469.4875,3385.60075,1
intervals-1-2-6,4b523f7360c450e6,state_intervals,1/2/6,1,2,6,0.15,1.0,50,3,2,F4,102,14.17702593,14.640476007,-0.46345007700000096,0.265478594,94,160,0.4125,3850,850,3300,12,1523.5125,3510.0905,1
intervals-1-2-6,4b523f7360c450e6,state_intervals,1/2/6,1,2,6,0.15,1.0,50,3,2,F4,103,14.298787567,14.669328105,-0.3705405380000002,0.259300645,98,160,0.3875,3800,1350,2850,13,1628.9625,3752.82475,1
intervals-1-2-6,4b523f7360c450e6,state_intervals,1/2/6,1,2,6,0.15,1.0,50,3,2,F4,104,14.232757218,14.721445583,-0.4886883649999998,0.266823377,92,160,0.425,3700,1000,3300,13,1530.9875,3527.236125,1
intervals-1-2-6,4b523f7360c450e6,state_intervals,1/2/6,1,2,6,0.15,1.0,50,3,2,F4,105,14.193293475,14.645887715,-0.4525942399999998,0.263151398,95,160,0.40625,3950,800,3250,12,1596.0875,3677.200625,1
intervals-1-2-6,4b523f7360c450e6,state_intervals,1/2/6,1,2,6,0.15,1.0,50,3,2,F4,106,14.230524418,14.700889168,-0.4703647499999999,0.271720749,95,160,0.40625,3800,1200,3000,13,1599.5375,3685.161,1
intervals-1-2-6,4b523f7360c450e6,state_intervals,1/2/6,1,2,6,0.15,1.0,50,3,2,F4,107,14.279006948,14.742834364,-0.4638274160000009,0.267992832,95,160,0.40625,3950,700,3350,12,1594.15,3672.678125,1
intervals-1-2-6,4b523f7360c450e6,state_intervals,1/2/6,1,2,6,0.15,1.0,50,3,2,F4,108,14.157451421,14.621937906,-0.4644864850000001,0.275185537,95,160,0.40625,3950,900,3150,13,1596.9875,3679.251875,1
intervals-1-2-6,4b523f7360c450e6,state_intervals,1/2/6,1,2,6,0.15,1.0,50,3,2,F4,109,14.249367962,14.608883071,-0.3595151089999984,0.265231707,99,160,0.38125,3950,1250,2800,13,1657.8125,3819.325125,1
intervals-1-3-12,da2acf7eee63d91c,state_intervals,1/3/12,1,3,12,0.15,1.0,50,3,2,F1,100,14.183063351,14.183063827,-4.7600000030456613e-07,0.07927289,39,160,0.75625,1449,350,6201,5,618.325,1424.576375,1
intervals-1-3-12,da2acf7eee63d91c,state_intervals,1/3/12,1,3,12,0.15,1.0,50,3,2,F1,101,14.124023881,14.124023881,0.0,0.079062414,42,160,0.7375,1599,300,6101,5,680.35,1567.470875,1
intervals-1-3-12,da2acf7eee63d91c,state_intervals,1/3/12,1,3,12,0.15,1.0,50,3,2,F1,102,14.11710914,14.11710914,0.0,0.077812529,42,160,0.7375,1599,300,6101,5,691.8875,1594.0765,1
intervals-1-3-12,da2acf7eee63d91c,state_intervals,1/3/12,1,3,12,0.15,1.0,50,3,2,F1,103,14.139194957,14.139194957,0.0,0.078750014,42,160,0.7375,1599,300,6101,5,688.675,1586.626,1
intervals-1-3-12,da2acf7eee63d91c,state_intervals,1/3/12,1,3,12,0.15,1.0,50,3,2,F1,104,14.170967185,14.170967185,0.0,0.080937552,41,160,0.74375,1549,300,6151,5,669.1375,1541.61675,1
intervals-1-3-12,da2acf7eee63d91c,state_intervals,1/3/12,1,3,12,0.15,1.0,50,3,2,F1,105,14.116650424,14.116650424,0.0,0.077812529,42,160,0.7375,1599,300,6101,5,714.875,1647.0345,1
intervals-1-3-12,da2acf7eee63d91c,state_intervals,1/3/12,1,3,12,0.15,1.0,50,3,2,F1,106,14.219201219,14.219201225,-6.000000496442226e-09,0.074896336,40,160,0.75,1499,300,6201,5,661.1375,1523.14975,1
intervals-1-3-12,da2acf7eee63d91c,state_intervals,1/3/12,1,3,12,0.15,1.0,50,3,2,F1,107,14.250070828,14.250070828,0.0,0.075051999,42,160,0.7375,1599,300,6101,5,683.55,1574.8175,1
intervals-1-3-12,da2acf7eee63d91c,state_intervals,1/3/12,1,3,12,0.15,1.0,50,3,2,F1,108,14.172010107,14.172009204,9.030000001075678e-07,0.079273033,40,160,0.75,1499,300,6201,5,679.8375,1566.309,1
intervals-1-3-12,da2acf7eee63d91c,state_intervals,1/3/12,1,3,12,0.15,1.0,50,3,2,F1,109,14.178160601,14.178161631,-1.0299999999574538e-06,0.075833821,39,160,0.75625,1449,300,6251,5,635.825,1464.838,1
intervals-1-3-12,da2acf7eee63d91c,state_intervals,1/3/12,1,3,12,0.15,1.0,50,3,2,F3,100,15.147606959,15.7829911,-0.6353841409999994,0.177081656,25,160,0.84375,599,500,6901,4,385.65,888.476,1
intervals-1-3-12,da2acf7eee63d91c,state_intervals,1/3/12,1,3,12,0.15,1.0,50,3,2,F3,101,14.983942587,15.673707929,-0.6897653420000012,0.183899735,29,160,0.81875,699,1000,6301,6,449.225,1034.936125,1
intervals-1-3-12,da2acf7eee63d91c,state_intervals,1/3/12,1,3,12,0.15,1.0,50,3,2,F3,102,15.001974081,15.693642817,-0.6916687360000005,0.182649802,29,160,0.81875,699,1050,6251,6,448.7125,1033.80225,1
intervals-1-3-12,da2acf7eee63d91c,state_intervals,1/3/12,1,3,12,0.15,1.0,50,3,2,F3,103,15.029924645,15.714898221,-0.6849735760000009,0.18077352,30,160,0.8125,699,1150,6151,6,440.9375,1015.91375,1
intervals-1-3-12,da2acf7eee63d91c,state_intervals,1/3/12,1,3,12,0.15,1.0,50,3,2,F3,104,15.007923003,15.760842509,-0.7529195059999996,0.19393897,25,160,0.84375,649,150,7201,2,371.5,855.8945,1
intervals-1-3-12,da2acf7eee63d91c,state_intervals,1/3/12,1,3,12,0.15,1.0,50,3,2,F3,105,14.983275846,15.699915317,-0.7166394710000006,0.182995509,29,160,0.81875,699,1150,6151,8,438.8375,1010.974,1
intervals-1-3-12,da2acf7eee63d91c,state_intervals,1/3/12,1,3,12,0.15,1.0,50,3,2,F3,106,15.209310067,15.839506387,-0.6301963199999996,0.170553731,25,160,0.84375,599,500,6901,4,364.45,839.56,1
intervals-1-3-12,da2acf7eee63d91c,state_intervals,1/3/12,1,3,12,0.15,1.0,50,3,2,F3,107,15.217089629,15.867205328,-0.6501156990000005,0.172792791,28,160,0.825,699,1050,6251,8,451.3375,1039.771625,1
intervals-1-3-12,da2acf7eee63d91c,state_intervals,1/3/12,1,3,12,0.15,1.0,50,3,2,F3,108,15.139752195,15.775287621,-0.6355354260000006,0.179069804,25,160,0.84375,599,450,6951,4,370.5875,853.775625,1
intervals-1-3-12,da2acf7eee63d91c,state_intervals,1/3/12,1,3,12,0.15,1.0,50,3,2,F3,109,15.139013596,15.744740631,-0.605727035000001,0.172312712,24,160,0.85,599,450,6951,4,391.075,900.9625,1
intervals-1-3-12,da2acf7eee63d91c,state_intervals,1/3/12,1,3,12,0.15,1.0,50,3,2,F4,100,14.156654379,14.628981172,-0.4723267929999988,0.275383827,92,160,0.425,4000,1500,2500,14,1529.4125,3523.69525,1
intervals-1-3-12,da2acf7eee63d91c,state_intervals,1/3/12,1,3,12,0.15,1.0,50,3,2,F4,101,14.177062853,14.6456862,-0.4686233469999994,0.265343238,84,160,0.475,3450,1750,2800,13,1398.0125,3220.91625,1
intervals-1-3-12,da2acf7eee63d91c,state_intervals,1/3/12,1,3,12,0.15,1.0,50,3,2,F4,102,14.180783104,14.640476007,-0.45969290300000054,0.262778064,86,160,0.4625,3850,850,3300,12,1454.9375,3352.04525,1
intervals-1-3-12,da2acf7eee63d91c,state_intervals,1/3/12,1,3,12,0.15,1.0,50,3,2,F4,103,14.255999672,14.669328105,-0.4133284330000002,0.25992299,88,160,0.45,3800,1350,2850,13,1450.55,3341.97975,1
intervals-1-3-12,da2acf7eee63d91c,state_intervals,1/3/12,1,3,12,0.15,1.0,50,3,2,F4,104,14.193981073,14.721445583,-0.5274645099999997,0.269552616,87,160,0.45625,3850,1300,2850,13,1500.925,3457.9305,1
intervals-1-3-12,da2acf7eee63d91c,state_intervals,1/3/12,1,3,12,0.15,1.0,50,3,2,F4,105,14.195254179,14.645887715,-0.4506335359999998,0.260978418,88,160,0.45,4000,750,3250,12,1516.05,3492.8825,1
intervals-1-3-12,da2acf7eee63d91c,state_intervals,1/3/12,1,3,12,0.15,1.0,50,3,2,F4,106,14.186464536,14.700889168,-0.514424631999999,0.272563704,88,160,0.45,3950,1050,3000,13,1483.3375,3417.4875,1
intervals-1-3-12,da2acf7eee63d91c,state_intervals,1/3/12,1,3,12,0.15,1.0,50,3,2,F4,107,14.251306642,14.742834364,-0.4915277220000007,0.268333811,88,160,0.45,4000,650,3350,12,1480.8,3411.6925,1
intervals-1-3-12,da2acf7eee63d91c,state_intervals,1/3/12,1,3,12,0.15,1.0,50,3,2,F4,108,14.121061602,14.621937906,-0.5008763040000002,0.275295845,90,160,0.4375,4100,900,3000,13,1524.1625,3511.50125,1
intervals-1-3-12,da2acf7eee63d91c,state_intervals,1/3/12,1,3,12,0.15,1.0,50,3,2,F4,109,14.182797758,14.608883071,-0.42608531299999974,0.268924871,91,160,0.43125,4000,1250,2750,13,1557.4375,3588.212375,1
intervals-1-4-16,b5e67ba091c9f2dc,state_intervals,1/4/16,1,4,16,0.15,1.0,50,3,2,F1,100,14.183063929,14.183063827,1.0199999955773364e-07,0.079278016,36,160,0.775,1449,350,6201,5,546.675,1259.48825,1
intervals-1-4-16,b5e67ba091c9f2dc,state_intervals,1/4/16,1,4,16,0.15,1.0,50,3,2,F1,101,14.124023881,14.124023881,0.0,0.079062414,38,160,0.7625,1599,300,6101,5,585.6875,1349.359375,1
intervals-1-4-16,b5e67ba091c9f2dc,state_intervals,1/4/16,1,4,16,0.15,1.0,50,3,2,F1,102,14.11710914,14.11710914,0.0,0.077812529,38,160,0.7625,1599,300,6101,5,581.525,1339.78975,1
intervals-1-4-16,b5e67ba091c9f2dc,state_intervals,1/4/16,1,4,16,0.15,1.0,50,3,2,F1,103,14.139194957,14.139194957,0.0,0.078750014,38,160,0.7625,1599,300,6101,5,575.275,1325.41975,1
intervals-1-4-16,b5e67ba091c9f2dc,state_intervals,1/4/16,1,4,16,0.15,1.0,50,3,2,F1,104,14.170967185,14.170967185,0.0,0.080937862,37,160,0.76875,1549,300,6151,5,556.4125,1281.93575,1
intervals-1-4-16,b5e67ba091c9f2dc,state_intervals,1/4/16,1,4,16,0.15,1.0,50,3,2,F1,105,14.116650424,14.116650424,0.0,0.077812529,38,160,0.7625,1599,300,6101,5,590.8375,1361.25275,1
intervals-1-4-16,b5e67ba091c9f2dc,state_intervals,1/4/16,1,4,16,0.15,1.0,50,3,2,F1,106,14.219201939,14.219201225,7.139999986804924e-07,0.074897671,36,160,0.775,1499,300,6201,5,554.9125,1278.4445,1
intervals-1-4-16,b5e67ba091c9f2dc,state_intervals,1/4/16,1,4,16,0.15,1.0,50,3,2,F1,107,14.250070828,14.250070828,0.0,0.075051999,38,160,0.7625,1599,300,6101,5,611.9375,1409.85375,1
intervals-1-4-16,b5e67ba091c9f2dc,state_intervals,1/4/16,1,4,16,0.15,1.0,50,3,2,F1,108,14.172008776,14.172009204,-4.27999999885742e-07,0.079279089,36,160,0.775,1499,300,6201,5,569.1625,1311.30075,1
intervals-1-4-16,b5e67ba091c9f2dc,state_intervals,1/4/16,1,4,16,0.15,1.0,50,3,2,F1,109,14.178160363,14.178161631,-1.268000000109737e-06,0.075835156,35,160,0.78125,1449,300,6251,5,546.0875,1258.11725,1
intervals-1-4-16,b5e67ba091c9f2dc,state_intervals,1/4/16,1,4,16,0.15,1.0,50,3,2,F3,100,15.048666521,15.7829911,-0.7343245790000008,0.189328979,24,160,0.85,599,1900,5501,12,351.3,809.298,1
intervals-1-4-16,b5e67ba091c9f2dc,state_intervals,1/4/16,1,4,16,0.15,1.0,50,3,2,F3,101,14.931210603,15.673707929,-0.7424973260000005,0.184334849,27,160,0.83125,699,1650,5651,8,383.1,882.669,1
intervals-1-4-16,b5e67ba091c9f2dc,state_intervals,1/4/16,1,4,16,0.15,1.0,50,3,2,F3,102,14.878534509,15.693642817,-0.815108308000001,0.196819662,24,160,0.85,699,1200,6101,8,341.0,785.642,1
intervals-1-4-16,b5e67ba091c9f2dc,state_intervals,1/4/16,1,4,16,0.15,1.0,50,3,2,F3,103,15.002990866,15.714898221,-0.711907355000001,0.180764913,27,160,0.83125,699,1900,5401,10,414.825,955.71025,1
intervals-1-4-16,b5e67ba091c9f2dc,state_intervals,1/4/16,1,4,16,0.15,1.0,50,3,2,F3,104,14.924130564,15.760842509,-0.8367119449999993,0.201208615,23,160,0.85625,649,1250,6101,8,356.6625,821.674375,1
intervals-1-4-16,b5e67ba091c9f2dc,state_intervals,1/4/16,1,4,16,0.15,1.0,50,3,2,F3,105,14.980721951,15.699915317,-0.7191933660000007,0.184470295,26,160,0.8375,699,1800,5501,10,389.35,897.06325,1
intervals-1-4-16,b5e67ba091c9f2dc,state_intervals,1/4/16,1,4,16,0.15,1.0,50,3,2,F3,106,15.025234342,15.839506387,-0.8142720450000009,0.18763647,23,160,0.85625,599,1600,5801,10,333.475,768.32825,1
intervals-1-4-16,b5e67ba091c9f2dc,state_intervals,1/4/16,1,4,16,0.15,1.0,50,3,2,F3,107,15.091035849,15.867205328,-0.776169479,0.186711811,25,160,0.84375,699,1450,5851,8,406.825,937.32625,1
intervals-1-4-16,b5e67ba091c9f2dc,state_intervals,1/4/16,1,4,16,0.15,1.0,50,3,2,F3,108,14.953561342,15.775287621,-0.821726279,0.198166203,23,160,0.85625,599,1750,5651,10,336.1625,774.414625,1
intervals-1-4-16,b5e67ba091c9f2dc,state_intervals,1/4/16,1,4,16,0.15,1.0,50,3,2,F3,109,14.966878553,15.744740631,-0.7778620780000001,0.188352369,24,160,0.85,599,1700,5701,10,346.7375,798.8295,1
intervals-1-4-16,b5e67ba091c9f2dc,state_intervals,1/4/16,1,4,16,0.15,1.0,50,3,2,F4,100,14.138211646,14.628981172,-0.49076952599999935,0.277929077,91,160,0.43125,4150,1700,2150,16,1502.525,3461.738,1
intervals-1-4-16,b5e67ba091c9f2dc,state_intervals,1/4/16,1,4,16,0.15,1.0,50,3,2,F4,101,14.222040407,14.6456862,-0.4236457930000004,0.260983371,84,160,0.475,3800,1450,2750,16,1368.275,3152.343875,1
intervals-1-4-16,b5e67ba091c9f2dc,state_intervals,1/4/16,1,4,16,0.15,1.0,50,3,2,F4,102,14.240911294,14.640476007,-0.3995647130000002,0.262526485,85,160,0.46875,3850,1450,2700,14,1445.025,3329.26375,1
intervals-1-4-16,b5e67ba091c9f2dc,state_intervals,1/4/16,1,4,16,0.15,1.0,50,3,2,F4,103,14.179749831,14.669328105,-0.4895782739999994,0.267798787,84,160,0.475,3800,1500,2700,14,1403.2875,3233.08775,1
intervals-1-4-16,b5e67ba091c9f2dc,state_intervals,1/4/16,1,4,16,0.15,1.0,50,3,2,F4,104,14.195915199,14.721445583,-0.5255303839999996,0.271644095,86,160,0.4625,3850,1600,2550,15,1391.2125,3205.283,1
intervals-1-4-16,b5e67ba091c9f2dc,state_intervals,1/4/16,1,4,16,0.15,1.0,50,3,2,F4,105,14.215330361,14.645887715,-0.43055735400000117,0.260563246,85,160,0.46875,3950,850,3200,13,1396.3375,3217.0745,1
intervals-1-4-16,b5e67ba091c9f2dc,state_intervals,1/4/16,1,4,16,0.15,1.0,50,3,2,F4,106,14.109213101,14.700889168,-0.5916760669999999,0.281078546,85,160,0.46875,3800,1850,2350,16,1429.05,3292.350875,1
intervals-1-4-16,b5e67ba091c9f2dc,state_intervals,1/4/16,1,4,16,0.15,1.0,50,3,2,F4,107,14.325139427,14.742834364,-0.41769493700000027,0.264812017,84,160,0.475,3900,1050,3050,13,1392.9875,3209.3175,1
intervals-1-4-16,b5e67ba091c9f2dc,state_intervals,1/4/16,1,4,16,0.15,1.0,50,3,2,F4,108,14.08370055,14.621937906,-0.5382373559999998,0.279122716,84,160,0.475,3800,1500,2700,16,1355.025,3121.87325,1
intervals-1-4-16,b5e67ba091c9f2dc,state_intervals,1/4/16,1,4,16,0.15,1.0,50,3,2,F4,109,14.257186097,14.608883071,-0.35169697399999933,0.263067571,86,160,0.4625,3950,1400,2650,14,1393.825,3211.3445,1
residual-new-0p05,d8c01d9e37dbf62b,residual_new_weight,0.05,1,3,12,0.05,1.0,50,3,2,F1,100,14.175588562,14.183063827,-0.007475265000000064,0.082046294,43,160,0.73125,1449,950,5601,6,703.275,1620.20725,1
residual-new-0p05,d8c01d9e37dbf62b,residual_new_weight,0.05,1,3,12,0.05,1.0,50,3,2,F1,101,14.124024984,14.124023881,1.1030000006684304e-06,0.079062653,49,160,0.69375,1849,800,5351,6,805.1,1854.873375,1
residual-new-0p05,d8c01d9e37dbf62b,residual_new_weight,0.05,1,3,12,0.05,1.0,50,3,2,F1,102,14.11710914,14.11710914,0.0,0.077812576,51,160,0.68125,1949,800,5251,6,830.425,1913.1775,1
residual-new-0p05,d8c01d9e37dbf62b,residual_new_weight,0.05,1,3,12,0.05,1.0,50,3,2,F1,103,14.139194216,14.139194957,-7.410000009144824e-07,0.078750253,51,160,0.68125,1899,850,5251,6,814.3875,1876.2765,1
residual-new-0p05,d8c01d9e37dbf62b,residual_new_weight,0.05,1,3,12,0.05,1.0,50,3,2,F1,104,14.170966682,14.170967185,-5.030000007621993e-07,0.080938911,49,160,0.69375,1799,850,5351,6,787.8125,1815.091,1
residual-new-0p05,d8c01d9e37dbf62b,residual_new_weight,0.05,1,3,12,0.05,1.0,50,3,2,F1,105,14.116651156,14.116650424,7.32000000169819e-07,0.077812767,50,160,0.6875,1849,850,5301,6,816.4375,1880.95675,1
residual-new-0p05,d8c01d9e37dbf62b,residual_new_weight,0.05,1,3,12,0.05,1.0,50,3,2,F1,106,14.218624745,14.219201225,-0.0005764800000012116,0.076088619,43,160,0.73125,1549,800,5651,6,690.6125,1591.019625,1
residual-new-0p05,d8c01d9e37dbf62b,residual_new_weight,0.05,1,3,12,0.05,1.0,50,3,2,F1,107,14.250070803,14.250070828,-2.5000000292152436e-08,0.075052047,51,160,0.68125,1899,900,5201,6,816.025,1879.977,1
residual-new-0p05,d8c01d9e37dbf62b,residual_new_weight,0.05,1,3,12,0.05,1.0,50,3,2,F1,108,14.166138172,14.172009204,-0.005871031999999943,0.082303739,42,160,0.7375,1449,900,5651,6,654.425,1507.72975,1
residual-new-0p05,d8c01d9e37dbf62b,residual_new_weight,0.05,1,3,12,0.05,1.0,50,3,2,F1,109,14.177107925,14.178161631,-0.0010537060000004317,0.077238917,43,160,0.73125,1549,850,5601,6,685.8375,1580.105,1
residual-new-0p05,d8c01d9e37dbf62b,residual_new_weight,0.05,1,3,12,0.05,1.0,50,3,2,F3,100,14.907773481,15.7829911,-0.8752176190000007,0.207775711,19,160,0.88125,249,450,7301,2,269.675,621.3205,1
residual-new-0p05,d8c01d9e37dbf62b,residual_new_weight,0.05,1,3,12,0.05,1.0,50,3,2,F3,101,15.040013132,15.673707929,-0.6336947970000004,0.179843997,24,160,0.85,599,350,7051,2,344.8,794.3915,1
residual-new-0p05,d8c01d9e37dbf62b,residual_new_weight,0.05,1,3,12,0.05,1.0,50,3,2,F3,102,14.95622027,15.693642817,-0.7374225470000013,0.190833472,25,160,0.84375,649,350,7001,2,366.0625,843.414,1
residual-new-0p05,d8c01d9e37dbf62b,residual_new_weight,0.05,1,3,12,0.05,1.0,50,3,2,F3,103,15.046669015,15.714898221,-0.6682292059999995,0.183262943,24,160,0.85,599,350,7051,2,348.2625,802.3305,1
residual-new-0p05,d8c01d9e37dbf62b,residual_new_weight,0.05,1,3,12,0.05,1.0,50,3,2,F3,104,14.898080424,15.760842509,-0.862762085,0.206355309,24,160,0.85,549,350,7101,2,346.45,798.213,1
residual-new-0p05,d8c01d9e37dbf62b,residual_new_weight,0.05,1,3,12,0.05,1.0,50,3,2,F3,105,15.064881762,15.699915317,-0.6350335549999997,0.178594064,24,160,0.85,599,350,7051,2,347.3875,800.337375,1
residual-new-0p05,d8c01d9e37dbf62b,residual_new_weight,0.05,1,3,12,0.05,1.0,50,3,2,F3,106,15.171953045,15.839506387,-0.6675533419999997,0.177026319,19,160,0.88125,299,350,7351,2,311.575,717.69825,1
residual-new-0p05,d8c01d9e37dbf62b,residual_new_weight,0.05,1,3,12,0.05,1.0,50,3,2,F3,107,15.10678545,15.867205328,-0.7604198780000004,0.187760448,25,160,0.84375,649,350,7001,2,421.3875,970.82175,1
residual-new-0p05,d8c01d9e37dbf62b,residual_new_weight,0.05,1,3,12,0.05,1.0,50,3,2,F3,108,14.91080528,15.775287621,-0.8644823410000004,0.207251286,18,160,0.8875,249,400,7351,2,266.5625,612.97975,1
residual-new-0p05,d8c01d9e37dbf62b,residual_new_weight,0.05,1,3,12,0.05,1.0,50,3,2,F3,109,15.083603771,15.744740631,-0.6611368600000009,0.181594419,19,160,0.88125,299,400,7301,2,362.0875,833.972375,1
residual-new-0p05,d8c01d9e37dbf62b,residual_new_weight,0.05,1,3,12,0.05,1.0,50,3,2,F4,100,13.826858105,14.628981172,-0.8021230670000001,0.302970313,87,160,0.45625,2649,5351,0,7,1481.2625,3412.584375,1
residual-new-0p05,d8c01d9e37dbf62b,residual_new_weight,0.05,1,3,12,0.05,1.0,50,3,2,F4,101,13.928994312,14.6456862,-0.7166918879999997,0.286206491,87,160,0.45625,2849,4701,450,9,1490.0,3432.866875,1
residual-new-0p05,d8c01d9e37dbf62b,residual_new_weight,0.05,1,3,12,0.05,1.0,50,3,2,F4,102,13.934303781,14.640476007,-0.7061722259999996,0.287830912,86,160,0.4625,2699,5001,300,9,1497.6625,3450.41475,1
residual-new-0p05,d8c01d9e37dbf62b,residual_new_weight,0.05,1,3,12,0.05,1.0,50,3,2,F4,103,13.856894779,14.669328105,-0.8124333260000007,0.296476227,75,160,0.53125,1949,5601,450,7,1277.075,2942.312875,1
residual-new-0p05,d8c01d9e37dbf62b,residual_new_weight,0.05,1,3,12,0.05,1.0,50,3,2,F4,104,13.941530255,14.721445583,-0.7799153279999995,0.293719199,84,160,0.475,2699,4801,500,9,1398.1375,3221.2345,1
residual-new-0p05,d8c01d9e37dbf62b,residual_new_weight,0.05,1,3,12,0.05,1.0,50,3,2,F4,105,13.940308072,14.645887715,-0.7055796430000001,0.288160361,84,160,0.475,2599,5101,300,9,1430.1625,3295.01575,1
residual-new-0p05,d8c01d9e37dbf62b,residual_new_weight,0.05,1,3,12,0.05,1.0,50,3,2,F4,106,13.909155369,14.700889168,-0.7917337989999993,0.296144949,94,160,0.4125,3299,4401,300,11,1591.1,3665.76025,1
residual-new-0p05,d8c01d9e37dbf62b,residual_new_weight,0.05,1,3,12,0.05,1.0,50,3,2,F4,107,13.992498778,14.742834364,-0.7503355860000003,0.296647806,78,160,0.5125,1949,6051,0,5,1306.2125,3009.48775,1
residual-new-0p05,d8c01d9e37dbf62b,residual_new_weight,0.05,1,3,12,0.05,1.0,50,3,2,F4,108,13.783414287,14.621937906,-0.838523619,0.308342547,76,160,0.525,1849,6151,0,5,1268.675,2922.98325,1
residual-new-0p05,d8c01d9e37dbf62b,residual_new_weight,0.05,1,3,12,0.05,1.0,50,3,2,F4,109,13.872229445,14.608883071,-0.736653625999999,0.296038033,88,160,0.45,2799,5201,0,7,1462.4,3369.2935,1
residual-new-0p15,da2acf7eee63d91c,residual_new_weight,0.15,1,3,12,0.15,1.0,50,3,2,F1,100,14.183063351,14.183063827,-4.7600000030456613e-07,0.07927289,39,160,0.75625,1449,350,6201,5,612.5375,1411.2175,1
residual-new-0p15,da2acf7eee63d91c,residual_new_weight,0.15,1,3,12,0.15,1.0,50,3,2,F1,101,14.124023881,14.124023881,0.0,0.079062414,42,160,0.7375,1599,300,6101,5,672.5375,1549.4625,1
residual-new-0p15,da2acf7eee63d91c,residual_new_weight,0.15,1,3,12,0.15,1.0,50,3,2,F1,102,14.11710914,14.11710914,0.0,0.077812529,42,160,0.7375,1599,300,6101,5,679.55,1565.55325,1
residual-new-0p15,da2acf7eee63d91c,residual_new_weight,0.15,1,3,12,0.15,1.0,50,3,2,F1,103,14.139194957,14.139194957,0.0,0.078750014,42,160,0.7375,1599,300,6101,5,657.5625,1514.9555,1
residual-new-0p15,da2acf7eee63d91c,residual_new_weight,0.15,1,3,12,0.15,1.0,50,3,2,F1,104,14.170967185,14.170967185,0.0,0.080937552,41,160,0.74375,1549,300,6151,5,641.6625,1478.26325,1
residual-new-0p15,da2acf7eee63d91c,residual_new_weight,0.15,1,3,12,0.15,1.0,50,3,2,F1,105,14.116650424,14.116650424,0.0,0.077812529,42,160,0.7375,1599,300,6101,5,672.5625,1549.5065,1
residual-new-0p15,da2acf7eee63d91c,residual_new_weight,0.15,1,3,12,0.15,1.0,50,3,2,F1,106,14.219201219,14.219201225,-6.000000496442226e-09,0.074896336,40,160,0.75,1499,300,6201,5,642.4875,1480.207375,1
residual-new-0p15,da2acf7eee63d91c,residual_new_weight,0.15,1,3,12,0.15,1.0,50,3,2,F1,107,14.250070828,14.250070828,0.0,0.075051999,42,160,0.7375,1599,300,6101,5,678.575,1563.344,1
residual-new-0p15,da2acf7eee63d91c,residual_new_weight,0.15,1,3,12,0.15,1.0,50,3,2,F1,108,14.172010107,14.172009204,9.030000001075678e-07,0.079273033,40,160,0.75,1499,300,6201,5,646.9375,1490.39375,1
residual-new-0p15,da2acf7eee63d91c,residual_new_weight,0.15,1,3,12,0.15,1.0,50,3,2,F1,109,14.178160601,14.178161631,-1.0299999999574538e-06,0.075833821,39,160,0.75625,1449,300,6251,5,611.4625,1408.735375,1
residual-new-0p15,da2acf7eee63d91c,residual_new_weight,0.15,1,3,12,0.15,1.0,50,3,2,F3,100,15.147606959,15.7829911,-0.6353841409999994,0.177081656,25,160,0.84375,599,500,6901,4,369.15,850.45675,1
residual-new-0p15,da2acf7eee63d91c,residual_new_weight,0.15,1,3,12,0.15,1.0,50,3,2,F3,101,14.983942587,15.673707929,-0.6897653420000012,0.183899735,29,160,0.81875,699,1000,6301,6,455.5,1049.327875,1
residual-new-0p15,da2acf7eee63d91c,residual_new_weight,0.15,1,3,12,0.15,1.0,50,3,2,F3,102,15.001974081,15.693642817,-0.6916687360000005,0.182649802,29,160,0.81875,699,1050,6251,6,439.7625,1013.20425,1
residual-new-0p15,da2acf7eee63d91c,residual_new_weight,0.15,1,3,12,0.15,1.0,50,3,2,F3,103,15.029924645,15.714898221,-0.6849735760000009,0.18077352,30,160,0.8125,699,1150,6151,6,470.0875,1083.018,1
residual-new-0p15,da2acf7eee63d91c,residual_new_weight,0.15,1,3,12,0.15,1.0,50,3,2,F3,104,15.007923003,15.760842509,-0.7529195059999996,0.19393897,25,160,0.84375,649,150,7201,2,361.25,832.31525,1
residual-new-0p15,da2acf7eee63d91c,residual_new_weight,0.15,1,3,12,0.15,1.0,50,3,2,F3,105,14.983275846,15.699915317,-0.7166394710000006,0.182995509,29,160,0.81875,699,1150,6151,8,485.8625,1119.362,1
residual-new-0p15,da2acf7eee63d91c,residual_new_weight,0.15,1,3,12,0.15,1.0,50,3,2,F3,106,15.209310067,15.839506387,-0.6301963199999996,0.170553731,25,160,0.84375,599,500,6901,4,393.375,906.212625,1
residual-new-0p15,da2acf7eee63d91c,residual_new_weight,0.15,1,3,12,0.15,1.0,50,3,2,F3,107,15.217089629,15.867205328,-0.6501156990000005,0.172792791,28,160,0.825,699,1050,6251,8,426.6,982.806625,1
residual-new-0p15,da2acf7eee63d91c,residual_new_weight,0.15,1,3,12,0.15,1.0,50,3,2,F3,108,15.139752195,15.775287621,-0.6355354260000006,0.179069804,25,160,0.84375,599,450,6951,4,379.325,873.90725,1
residual-new-0p15,da2acf7eee63d91c,residual_new_weight,0.15,1,3,12,0.15,1.0,50,3,2,F3,109,15.139013596,15.744740631,-0.605727035000001,0.172312712,24,160,0.85,599,450,6951,4,389.1625,896.596125,1
residual-new-0p15,da2acf7eee63d91c,residual_new_weight,0.15,1,3,12,0.15,1.0,50,3,2,F4,100,14.156654379,14.628981172,-0.4723267929999988,0.275383827,92,160,0.425,4000,1500,2500,14,1591.05,3665.671,1
residual-new-0p15,da2acf7eee63d91c,residual_new_weight,0.15,1,3,12,0.15,1.0,50,3,2,F4,101,14.177062853,14.6456862,-0.4686233469999994,0.265343238,84,160,0.475,3450,1750,2800,13,1362.225,3138.45,1
residual-new-0p15,da2acf7eee63d91c,residual_new_weight,0.15,1,3,12,0.15,1.0,50,3,2,F4,102,14.180783104,14.640476007,-0.45969290300000054,0.262778064,86,160,0.4625,3850,850,3300,12,1468.6,3383.597,1
residual-new-0p15,da2acf7eee63d91c,residual_new_weight,0.15,1,3,12,0.15,1.0,50,3,2,F4,103,14.255999672,14.669328105,-0.4133284330000002,0.25992299,88,160,0.45,3800,1350,2850,13,1489.425,3431.603625,1
residual-new-0p15,da2acf7eee63d91c,residual_new_weight,0.15,1,3,12,0.15,1.0,50,3,2,F4,104,14.193981073,14.721445583,-0.5274645099999997,0.269552616,87,160,0.45625,3850,1300,2850,13,1463.35,3371.448125,1
residual-new-0p15,da2acf7eee63d91c,residual_new_weight,0.15,1,3,12,0.15,1.0,50,3,2,F4,105,14.195254179,14.645887715,-0.4506335359999998,0.260978418,88,160,0.45,4000,750,3250,12,1551.8125,3575.26,1
residual-new-0p15,da2acf7eee63d91c,residual_new_weight,0.15,1,3,12,0.15,1.0,50,3,2,F4,106,14.186464536,14.700889168,-0.514424631999999,0.272563704,88,160,0.45,3950,1050,3000,13,1484.375,3419.74925,1
residual-new-0p15,da2acf7eee63d91c,residual_new_weight,0.15,1,3,12,0.15,1.0,50,3,2,F4,107,14.251306642,14.742834364,-0.4915277220000007,0.268333811,88,160,0.45,4000,650,3350,12,1505.75,3469.108375,1
residual-new-0p15,da2acf7eee63d91c,residual_new_weight,0.15,1,3,12,0.15,1.0,50,3,2,F4,108,14.121061602,14.621937906,-0.5008763040000002,0.275295845,90,160,0.4375,4100,900,3000,13,1536.9125,3540.96175,1
residual-new-0p15,da2acf7eee63d91c,residual_new_weight,0.15,1,3,12,0.15,1.0,50,3,2,F4,109,14.182797758,14.608883071,-0.42608531299999974,0.268924871,91,160,0.43125,4000,1250,2750,13,1590.1,3663.519625,1
residual-new-0p30,2bbfc2ff25556e06,residual_new_weight,0.3,1,3,12,0.3,1.0,50,3,2,F1,100,14.183070125,14.183063827,6.298000000626303e-06,0.079303384,34,160,0.7875,1149,300,6551,5,516.075,1189.002625,1
residual-new-0p30,2bbfc2ff25556e06,residual_new_weight,0.3,1,3,12,0.3,1.0,50,3,2,F1,101,14.124025055,14.124023881,1.1740000012139262e-06,0.079064536,35,160,0.78125,1199,300,6501,5,529.9625,1221.024,1
residual-new-0p30,2bbfc2ff25556e06,residual_new_weight,0.3,1,3,12,0.3,1.0,50,3,2,F1,102,14.117109097,14.11710914,-4.3000000005122274e-08,0.077814651,35,160,0.78125,1199,300,6501,5,580.5875,1337.63675,1
residual-new-0p30,2bbfc2ff25556e06,residual_new_weight,0.3,1,3,12,0.3,1.0,50,3,2,F1,103,14.139193904,14.139194957,-1.0530000000841255e-06,0.078758669,34,160,0.7875,1149,300,6551,5,533.7125,1229.633875,1
residual-new-0p30,2bbfc2ff25556e06,residual_new_weight,0.3,1,3,12,0.3,1.0,50,3,2,F1,104,14.170966604,14.170967185,-5.810000001105209e-07,0.080940032,35,160,0.78125,1199,300,6501,5,595.2125,1371.183875,1
residual-new-0p30,2bbfc2ff25556e06,residual_new_weight,0.3,1,3,12,0.3,1.0,50,3,2,F1,105,14.116651284,14.116650424,8.600000001024455e-07,0.07782104,34,160,0.7875,1149,300,6551,5,537.6875,1238.772625,1
residual-new-0p30,2bbfc2ff25556e06,residual_new_weight,0.3,1,3,12,0.3,1.0,50,3,2,F1,106,14.219201099,14.219201225,-1.2600000154350255e-07,0.074903631,34,160,0.7875,1149,300,6551,5,523.0,1204.99425,1
residual-new-0p30,2bbfc2ff25556e06,residual_new_weight,0.3,1,3,12,0.3,1.0,50,3,2,F1,107,14.250071063,14.250070828,2.3499999990406195e-07,0.075053668,35,160,0.78125,1199,300,6501,5,572.7875,1319.61825,1
residual-new-0p30,2bbfc2ff25556e06,residual_new_weight,0.3,1,3,12,0.3,1.0,50,3,2,F1,108,14.172010157,14.172009204,9.530000006918726e-07,0.079308558,34,160,0.7875,1149,300,6551,5,517.55,1192.317,1
residual-new-0p30,2bbfc2ff25556e06,residual_new_weight,0.3,1,3,12,0.3,1.0,50,3,2,F1,109,14.178160599,14.178161631,-1.0320000001229346e-06,0.075842428,34,160,0.7875,1149,300,6551,5,528.5875,1217.77925,1
residual-new-0p30,2bbfc2ff25556e06,residual_new_weight,0.3,1,3,12,0.3,1.0,50,3,2,F3,100,15.285475349,15.7829911,-0.4975157509999999,0.158208417,28,160,0.825,499,1550,5951,14,440.4625,1014.71675,1
residual-new-0p30,2bbfc2ff25556e06,residual_new_weight,0.3,1,3,12,0.3,1.0,50,3,2,F3,101,15.162208566,15.673707929,-0.5114993630000004,0.164042953,26,160,0.8375,549,1000,6451,10,387.8375,893.48375,1
residual-new-0p30,2bbfc2ff25556e06,residual_new_weight,0.3,1,3,12,0.3,1.0,50,3,2,F3,102,15.060540773,15.693642817,-0.633102044000001,0.173973969,28,160,0.825,549,1400,6051,10,433.9875,999.873,1
residual-new-0p30,2bbfc2ff25556e06,residual_new_weight,0.3,1,3,12,0.3,1.0,50,3,2,F3,103,15.206077938,15.714898221,-0.5088202830000004,0.159749451,27,160,0.83125,499,1300,6201,12,408.0875,940.1715,1
residual-new-0p30,2bbfc2ff25556e06,residual_new_weight,0.3,1,3,12,0.3,1.0,50,3,2,F3,104,15.266242125,15.760842509,-0.49460038399999995,0.1607765,29,160,0.81875,749,1100,6151,11,453.4875,1044.785,1
residual-new-0p30,2bbfc2ff25556e06,residual_new_weight,0.3,1,3,12,0.3,1.0,50,3,2,F3,105,15.156500604,15.699915317,-0.5434147130000007,0.162140574,28,160,0.825,699,900,6401,9,431.1125,993.24825,1
residual-new-0p30,2bbfc2ff25556e06,residual_new_weight,0.3,1,3,12,0.3,1.0,50,3,2,F3,106,15.191806258,15.839506387,-0.6477001290000004,0.170650243,25,160,0.84375,499,1000,6501,8,361.325,832.4175,1
residual-new-0p30,2bbfc2ff25556e06,residual_new_weight,0.3,1,3,12,0.3,1.0,50,3,2,F3,107,15.249578017,15.867205328,-0.6176273110000015,0.164764022,30,160,0.8125,749,1100,6151,11,445.0875,1025.42275,1
residual-new-0p30,2bbfc2ff25556e06,residual_new_weight,0.3,1,3,12,0.3,1.0,50,3,2,F3,108,15.261231228,15.775287621,-0.5140563930000006,0.159515761,27,160,0.83125,499,1300,6201,12,425.1125,979.423,1
residual-new-0p30,2bbfc2ff25556e06,residual_new_weight,0.3,1,3,12,0.3,1.0,50,3,2,F3,109,15.208719751,15.744740631,-0.5360208800000006,0.164386105,25,160,0.84375,499,1100,6401,10,369.3125,850.807625,1
residual-new-0p30,2bbfc2ff25556e06,residual_new_weight,0.3,1,3,12,0.3,1.0,50,3,2,F4,100,14.434992321,14.628981172,-0.1939888510000003,0.260444664,99,160,0.38125,4200,2200,1600,16,1625.575,3745.175875,1
residual-new-0p30,2bbfc2ff25556e06,residual_new_weight,0.3,1,3,12,0.3,1.0,50,3,2,F4,101,14.382764028,14.6456862,-0.2629221719999997,0.249739721,88,160,0.45,3750,1700,2550,19,1457.9625,3358.842375,1
residual-new-0p30,2bbfc2ff25556e06,residual_new_weight,0.3,1,3,12,0.3,1.0,50,3,2,F4,102,14.290851068,14.640476007,-0.3496249389999999,0.257685999,83,160,0.48125,3400,1850,2750,17,1352.075,3115.10275,1
residual-new-0p30,2bbfc2ff25556e06,residual_new_weight,0.3,1,3,12,0.3,1.0,50,3,2,F4,103,14.365405606,14.669328105,-0.30392249900000046,0.252624521,85,160,0.46875,3450,1900,2650,18,1411.3125,3251.575,1
residual-new-0p30,2bbfc2ff25556e06,residual_new_weight,0.3,1,3,12,0.3,1.0,50,3,2,F4,104,14.456542202,14.721445583,-0.2649033809999999,0.253435294,87,160,0.45625,3550,1900,2550,16,1466.6125,3378.95975,1
residual-new-0p30,2bbfc2ff25556e06,residual_new_weight,0.3,1,3,12,0.3,1.0,50,3,2,F4,105,14.370623304,14.645887715,-0.2752644110000002,0.25408309,84,160,0.475,3550,1800,2650,19,1411.95,3252.96375,1
residual-new-0p30,2bbfc2ff25556e06,residual_new_weight,0.3,1,3,12,0.3,1.0,50,3,2,F4,106,14.429542711,14.700889168,-0.27134645699999993,0.26140475,90,160,0.4375,3600,2650,1750,16,1518.7,3498.976,1
residual-new-0p30,2bbfc2ff25556e06,residual_new_weight,0.3,1,3,12,0.3,1.0,50,3,2,F4,107,14.382838651,14.742834364,-0.359995713,0.262160442,83,160,0.48125,3450,1600,2950,15,1382.825,3185.937125,1
residual-new-0p30,2bbfc2ff25556e06,residual_new_weight,0.3,1,3,12,0.3,1.0,50,3,2,F4,108,14.332297698,14.621937906,-0.2896402079999998,0.26764866,92,160,0.425,3800,2300,1900,16,1534.5,3535.385625,1
residual-new-0p30,2bbfc2ff25556e06,residual_new_weight,0.3,1,3,12,0.3,1.0,50,3,2,F4,109,14.352057811,14.608883071,-0.2568252599999994,0.257780654,95,160,0.40625,4300,1250,2450,15,1576.45,3631.9785,1
threshold-scale-0p75,a894e0f0ff8dd7f6,threshold_scale,0.75,1,3,12,0.15,0.75,50,3,2,F1,100,14.183064488,14.183063827,6.609999996243232e-07,0.079270911,44,160,0.725,1699,350,5951,5,714.35,1645.74,1
threshold-scale-0p75,a894e0f0ff8dd7f6,threshold_scale,0.75,1,3,12,0.15,0.75,50,3,2,F1,101,14.124023881,14.124023881,0.0,0.079062414,46,160,0.7125,1799,350,5851,5,746.1875,1719.175875,1
threshold-scale-0p75,a894e0f0ff8dd7f6,threshold_scale,0.75,1,3,12,0.15,0.75,50,3,2,F1,102,14.11710914,14.11710914,0.0,0.077812529,47,160,0.70625,1849,300,5851,5,768.2875,1770.086375,1
threshold-scale-0p75,a894e0f0ff8dd7f6,threshold_scale,0.75,1,3,12,0.15,0.75,50,3,2,F1,103,14.139194957,14.139194957,0.0,0.078750014,46,160,0.7125,1799,300,5901,5,718.9125,1656.29075,1
threshold-scale-0p75,a894e0f0ff8dd7f6,threshold_scale,0.75,1,3,12,0.15,0.75,50,3,2,F1,104,14.170967185,14.170967185,0.0,0.080937505,45,160,0.71875,1749,300,5951,5,726.475,1673.688,1
threshold-scale-0p75,a894e0f0ff8dd7f6,threshold_scale,0.75,1,3,12,0.15,0.75,50,3,2,F1,105,14.116650424,14.116650424,0.0,0.077812529,46,160,0.7125,1799,350,5851,5,762.3,1756.3185,1
threshold-scale-0p75,a894e0f0ff8dd7f6,threshold_scale,0.75,1,3,12,0.15,0.75,50,3,2,F1,106,14.219201225,14.219201225,0.0,0.074895883,45,160,0.71875,1749,300,5951,5,719.925,1658.52475,1
threshold-scale-0p75,a894e0f0ff8dd7f6,threshold_scale,0.75,1,3,12,0.15,0.75,50,3,2,F1,107,14.250070828,14.250070828,0.0,0.075051999,46,160,0.7125,1799,350,5851,5,769.625,1773.06475,1
threshold-scale-0p75,a894e0f0ff8dd7f6,threshold_scale,0.75,1,3,12,0.15,0.75,50,3,2,F1,108,14.172009768,14.172009204,5.640000004802914e-07,0.079270911,44,160,0.725,1699,300,6001,5,710.2625,1636.39025,1
threshold-scale-0p75,a894e0f0ff8dd7f6,threshold_scale,0.75,1,3,12,0.15,0.75,50,3,2,F1,109,14.178161631,14.178161631,0.0,0.075833368,44,160,0.725,1699,350,5951,5,697.3625,1606.523125,1
threshold-scale-0p75,a894e0f0ff8dd7f6,threshold_scale,0.75,1,3,12,0.15,0.75,50,3,2,F3,100,15.18621714,15.7829911,-0.5967739600000002,0.167922782,37,160,0.76875,1049,1550,5401,11,561.2625,1293.1365,1
threshold-scale-0p75,a894e0f0ff8dd7f6,threshold_scale,0.75,1,3,12,0.15,0.75,50,3,2,F3,101,15.195953699,15.673707929,-0.4777542300000004,0.161007165,33,160,0.79375,799,1650,5551,10,498.0625,1147.513,1
threshold-scale-0p75,a894e0f0ff8dd7f6,threshold_scale,0.75,1,3,12,0.15,0.75,50,3,2,F3,102,15.154546745,15.693642817,-0.5390960720000013,0.164987945,34,160,0.7875,799,1650,5551,8,543.025,1251.09525,1
threshold-scale-0p75,a894e0f0ff8dd7f6,threshold_scale,0.75,1,3,12,0.15,0.75,50,3,2,F3,103,15.175303924,15.714898221,-0.5395942970000007,0.161984085,35,160,0.78125,749,1900,5351,10,562.775,1296.50575,1
threshold-scale-0p75,a894e0f0ff8dd7f6,threshold_scale,0.75,1,3,12,0.15,0.75,50,3,2,F3,104,15.243676685,15.760842509,-0.5171658239999992,0.163632416,30,160,0.8125,749,1000,6251,6,458.925,1057.32375,1
threshold-scale-0p75,a894e0f0ff8dd7f6,threshold_scale,0.75,1,3,12,0.15,0.75,50,3,2,F3,105,15.192062504,15.699915317,-0.5078528129999995,0.159078788,36,160,0.775,799,2050,5151,10,580.9625,1338.505375,1
threshold-scale-0p75,a894e0f0ff8dd7f6,threshold_scale,0.75,1,3,12,0.15,0.75,50,3,2,F3,106,15.227401867,15.839506387,-0.6121045200000008,0.163549875,36,160,0.775,999,1550,5451,11,563.5375,1298.339875,1
threshold-scale-0p75,a894e0f0ff8dd7f6,threshold_scale,0.75,1,3,12,0.15,0.75,50,3,2,F3,107,15.378796165,15.867205328,-0.48840916300000004,0.153007864,38,160,0.7625,1099,1500,5401,11,619.025,1426.185375,1
threshold-scale-0p75,a894e0f0ff8dd7f6,threshold_scale,0.75,1,3,12,0.15,0.75,50,3,2,F3,108,15.263391444,15.775287621,-0.5118961770000006,0.161533784,33,160,0.79375,699,1700,5601,10,553.3625,1274.79325,1
threshold-scale-0p75,a894e0f0ff8dd7f6,threshold_scale,0.75,1,3,12,0.15,0.75,50,3,2,F3,109,15.227906185,15.744740631,-0.5168344460000007,0.160689544,33,160,0.79375,699,1800,5501,10,538.275,1240.127125,1
threshold-scale-0p75,a894e0f0ff8dd7f6,threshold_scale,0.75,1,3,12,0.15,0.75,50,3,2,F4,100,14.358500508,14.628981172,-0.27048066399999904,0.263586415,114,160,0.2875,5100,1550,1350,15,1897.7625,4372.274625,1
threshold-scale-0p75,a894e0f0ff8dd7f6,threshold_scale,0.75,1,3,12,0.15,0.75,50,3,2,F4,101,14.344066857,14.6456862,-0.3016193430000005,0.255250442,106,160,0.3375,4550,1850,1600,16,1791.0375,4126.40675,1
threshold-scale-0p75,a894e0f0ff8dd7f6,threshold_scale,0.75,1,3,12,0.15,0.75,50,3,2,F4,102,14.386138478,14.640476007,-0.25433752900000073,0.253264894,107,160,0.33125,4550,2000,1450,16,1780.0375,4101.11525,1
threshold-scale-0p75,a894e0f0ff8dd7f6,threshold_scale,0.75,1,3,12,0.15,0.75,50,3,2,F4,103,14.35772241,14.669328105,-0.3116056950000008,0.255642296,110,160,0.3125,4950,1350,1700,15,1932.525,4452.42325,1
threshold-scale-0p75,a894e0f0ff8dd7f6,threshold_scale,0.75,1,3,12,0.15,0.75,50,3,2,F4,104,14.445980877,14.721445583,-0.2754647059999993,0.255327222,108,160,0.325,4650,1950,1400,16,1936.7,4461.9865,1
threshold-scale-0p75,a894e0f0ff8dd7f6,threshold_scale,0.75,1,3,12,0.15,0.75,50,3,2,F4,105,14.419103448,14.645887715,-0.2267842670000011,0.250564439,109,160,0.31875,4850,1550,1600,15,1909.35,4399.0485,1
threshold-scale-0p75,a894e0f0ff8dd7f6,threshold_scale,0.75,1,3,12,0.15,0.75,50,3,2,F4,106,14.373342006,14.700889168,-0.3275471620000001,0.263932838,110,160,0.3125,4850,1600,1550,16,1889.0875,4352.298625,1
threshold-scale-0p75,a894e0f0ff8dd7f6,threshold_scale,0.75,1,3,12,0.15,0.75,50,3,2,F4,107,14.49126298,14.742834364,-0.251571384,0.256614314,103,160,0.35625,4350,2150,1500,16,1727.3875,3979.810375,1
threshold-scale-0p75,a894e0f0ff8dd7f6,threshold_scale,0.75,1,3,12,0.15,0.75,50,3,2,F4,108,14.321625614,14.621937906,-0.3003122919999992,0.266558977,107,160,0.33125,4550,2050,1400,16,1819.6625,4192.412625,1
threshold-scale-0p75,a894e0f0ff8dd7f6,threshold_scale,0.75,1,3,12,0.15,0.75,50,3,2,F4,109,14.370707211,14.608883071,-0.23817586000000013,0.257673958,117,160,0.26875,5500,900,1600,14,2087.0625,4808.52325,1
threshold-scale-1p00,da2acf7eee63d91c,threshold_scale,1.0,1,3,12,0.15,1.0,50,3,2,F1,100,14.183063351,14.183063827,-4.7600000030456613e-07,0.07927289,39,160,0.75625,1449,350,6201,5,621.5625,1432.025,1
threshold-scale-1p00,da2acf7eee63d91c,threshold_scale,1.0,1,3,12,0.15,1.0,50,3,2,F1,101,14.124023881,14.124023881,0.0,0.079062414,42,160,0.7375,1599,300,6101,5,686.875,1582.486,1
threshold-scale-1p00,da2acf7eee63d91c,threshold_scale,1.0,1,3,12,0.15,1.0,50,3,2,F1,102,14.11710914,14.11710914,0.0,0.077812529,42,160,0.7375,1599,300,6101,5,656.3125,1512.087625,1
threshold-scale-1p00,da2acf7eee63d91c,threshold_scale,1.0,1,3,12,0.15,1.0,50,3,2,F1,103,14.139194957,14.139194957,0.0,0.078750014,42,160,0.7375,1599,300,6101,5,671.1625,1546.300875,1
threshold-scale-1p00,da2acf7eee63d91c,threshold_scale,1.0,1,3,12,0.15,1.0,50,3,2,F1,104,14.170967185,14.170967185,0.0,0.080937552,41,160,0.74375,1549,300,6151,5,648.575,1494.30225,1
threshold-scale-1p00,da2acf7eee63d91c,threshold_scale,1.0,1,3,12,0.15,1.0,50,3,2,F1,105,14.116650424,14.116650424,0.0,0.077812529,42,160,0.7375,1599,300,6101,5,660.8375,1522.539,1
threshold-scale-1p00,da2acf7eee63d91c,threshold_scale,1.0,1,3,12,0.15,1.0,50,3,2,F1,106,14.219201219,14.219201225,-6.000000496442226e-09,0.074896336,40,160,0.75,1499,300,6201,5,626.225,1442.747,1
threshold-scale-1p00,da2acf7eee63d91c,threshold_scale,1.0,1,3,12,0.15,1.0,50,3,2,F1,107,14.250070828,14.250070828,0.0,0.075051999,42,160,0.7375,1599,300,6101,5,676.375,1558.2835,1
threshold-scale-1p00,da2acf7eee63d91c,threshold_scale,1.0,1,3,12,0.15,1.0,50,3,2,F1,108,14.172010107,14.172009204,9.030000001075678e-07,0.079273033,40,160,0.75,1499,300,6201,5,655.4375,1510.06025,1
threshold-scale-1p00,da2acf7eee63d91c,threshold_scale,1.0,1,3,12,0.15,1.0,50,3,2,F1,109,14.178160601,14.178161631,-1.0299999999574538e-06,0.075833821,39,160,0.75625,1449,300,6251,5,625.7125,1441.594875,1
threshold-scale-1p00,da2acf7eee63d91c,threshold_scale,1.0,1,3,12,0.15,1.0,50,3,2,F3,100,15.147606959,15.7829911,-0.6353841409999994,0.177081656,25,160,0.84375,599,500,6901,4,372.15,857.41075,1
threshold-scale-1p00,da2acf7eee63d91c,threshold_scale,1.0,1,3,12,0.15,1.0,50,3,2,F3,101,14.983942587,15.673707929,-0.6897653420000012,0.183899735,29,160,0.81875,699,1000,6301,6,452.925,1043.482,1
threshold-scale-1p00,da2acf7eee63d91c,threshold_scale,1.0,1,3,12,0.15,1.0,50,3,2,F3,102,15.001974081,15.693642817,-0.6916687360000005,0.182649802,29,160,0.81875,699,1050,6251,6,438.2,1009.57175,1
threshold-scale-1p00,da2acf7eee63d91c,threshold_scale,1.0,1,3,12,0.15,1.0,50,3,2,F3,103,15.029924645,15.714898221,-0.6849735760000009,0.18077352,30,160,0.8125,699,1150,6151,6,448.525,1033.3565,1
threshold-scale-1p00,da2acf7eee63d91c,threshold_scale,1.0,1,3,12,0.15,1.0,50,3,2,F3,104,15.007923003,15.760842509,-0.7529195059999996,0.19393897,25,160,0.84375,649,150,7201,2,361.4125,832.634125,1
threshold-scale-1p00,da2acf7eee63d91c,threshold_scale,1.0,1,3,12,0.15,1.0,50,3,2,F3,105,14.983275846,15.699915317,-0.7166394710000006,0.182995509,29,160,0.81875,699,1150,6151,8,454.675,1047.473875,1
threshold-scale-1p00,da2acf7eee63d91c,threshold_scale,1.0,1,3,12,0.15,1.0,50,3,2,F3,106,15.209310067,15.839506387,-0.6301963199999996,0.170553731,25,160,0.84375,599,500,6901,4,403.6375,929.918125,1
threshold-scale-1p00,da2acf7eee63d91c,threshold_scale,1.0,1,3,12,0.15,1.0,50,3,2,F3,107,15.217089629,15.867205328,-0.6501156990000005,0.172792791,28,160,0.825,699,1050,6251,8,430.9875,992.925625,1
threshold-scale-1p00,da2acf7eee63d91c,threshold_scale,1.0,1,3,12,0.15,1.0,50,3,2,F3,108,15.139752195,15.775287621,-0.6355354260000006,0.179069804,25,160,0.84375,599,450,6951,4,382.525,881.313,1
threshold-scale-1p00,da2acf7eee63d91c,threshold_scale,1.0,1,3,12,0.15,1.0,50,3,2,F3,109,15.139013596,15.744740631,-0.605727035000001,0.172312712,24,160,0.85,599,450,6951,4,346.5375,798.414,1
threshold-scale-1p00,da2acf7eee63d91c,threshold_scale,1.0,1,3,12,0.15,1.0,50,3,2,F4,100,14.156654379,14.628981172,-0.4723267929999988,0.275383827,92,160,0.425,4000,1500,2500,14,1566.1125,3608.19375,1
threshold-scale-1p00,da2acf7eee63d91c,threshold_scale,1.0,1,3,12,0.15,1.0,50,3,2,F4,101,14.177062853,14.6456862,-0.4686233469999994,0.265343238,84,160,0.475,3450,1750,2800,13,1427.9375,3289.777875,1
threshold-scale-1p00,da2acf7eee63d91c,threshold_scale,1.0,1,3,12,0.15,1.0,50,3,2,F4,102,14.180783104,14.640476007,-0.45969290300000054,0.262778064,86,160,0.4625,3850,850,3300,12,1457.325,3357.53425,1
threshold-scale-1p00,da2acf7eee63d91c,threshold_scale,1.0,1,3,12,0.15,1.0,50,3,2,F4,103,14.255999672,14.669328105,-0.4133284330000002,0.25992299,88,160,0.45,3800,1350,2850,13,1533.7,3533.591375,1
threshold-scale-1p00,da2acf7eee63d91c,threshold_scale,1.0,1,3,12,0.15,1.0,50,3,2,F4,104,14.193981073,14.721445583,-0.5274645099999997,0.269552616,87,160,0.45625,3850,1300,2850,13,1465.7,3376.93625,1
threshold-scale-1p00,da2acf7eee63d91c,threshold_scale,1.0,1,3,12,0.15,1.0,50,3,2,F4,105,14.195254179,14.645887715,-0.4506335359999998,0.260978418,88,160,0.45,4000,750,3250,12,1491.025,3435.158375,1
threshold-scale-1p00,da2acf7eee63d91c,threshold_scale,1.0,1,3,12,0.15,1.0,50,3,2,F4,106,14.186464536,14.700889168,-0.514424631999999,0.272563704,88,160,0.45,3950,1050,3000,13,1513.575,3487.164,1
threshold-scale-1p00,da2acf7eee63d91c,threshold_scale,1.0,1,3,12,0.15,1.0,50,3,2,F4,107,14.251306642,14.742834364,-0.4915277220000007,0.268333811,88,160,0.45,4000,650,3350,12,1474.875,3397.93725,1
threshold-scale-1p00,da2acf7eee63d91c,threshold_scale,1.0,1,3,12,0.15,1.0,50,3,2,F4,108,14.121061602,14.621937906,-0.5008763040000002,0.275295845,90,160,0.4375,4100,900,3000,13,1488.2875,3428.78975,1
threshold-scale-1p00,da2acf7eee63d91c,threshold_scale,1.0,1,3,12,0.15,1.0,50,3,2,F4,109,14.182797758,14.608883071,-0.42608531299999974,0.268924871,91,160,0.43125,4000,1250,2750,13,1540.3,3548.696,1
threshold-scale-1p25,520364bcca39e572,threshold_scale,1.25,1,3,12,0.15,1.25,50,3,2,F1,100,14.183070299,14.183063827,6.4720000008122724e-06,0.079303336,37,160,0.76875,1299,300,6401,5,552.3125,1272.51925,1
threshold-scale-1p25,520364bcca39e572,threshold_scale,1.25,1,3,12,0.15,1.25,50,3,2,F1,101,14.124024984,14.124023881,1.1030000006684304e-06,0.079062867,39,160,0.75625,1399,300,6301,5,618.25,1424.33575,1
threshold-scale-1p25,520364bcca39e572,threshold_scale,1.25,1,3,12,0.15,1.25,50,3,2,F1,102,14.117110047,14.11710914,9.070000004385292e-07,0.077812982,39,160,0.75625,1399,300,6301,5,598.8375,1379.68325,1
threshold-scale-1p25,520364bcca39e572,threshold_scale,1.25,1,3,12,0.15,1.25,50,3,2,F1,103,14.139194216,14.139194957,-7.410000009144824e-07,0.078750467,39,160,0.75625,1399,350,6251,5,605.9,1395.90075,1
threshold-scale-1p25,520364bcca39e572,threshold_scale,1.25,1,3,12,0.15,1.25,50,3,2,F1,104,14.17096718,14.170967185,-5.000000413701855e-09,0.080938005,39,160,0.75625,1399,300,6301,5,595.9625,1373.04975,1
threshold-scale-1p25,520364bcca39e572,threshold_scale,1.25,1,3,12,0.15,1.25,50,3,2,F1,105,14.116651156,14.116650424,7.32000000169819e-07,0.077812982,39,160,0.75625,1399,300,6301,5,599.375,1380.927,1
threshold-scale-1p25,520364bcca39e572,threshold_scale,1.25,1,3,12,0.15,1.25,50,3,2,F1,106,14.219201066,14.219201225,-1.590000007212211e-07,0.074903584,37,160,0.76875,1299,350,6351,5,565.375,1302.563875,1
threshold-scale-1p25,520364bcca39e572,threshold_scale,1.25,1,3,12,0.15,1.25,50,3,2,F1,107,14.250070803,14.250070828,-2.5000000292152436e-08,0.075052047,40,160,0.75,1449,300,6251,5,624.175,1438.07275,1
threshold-scale-1p25,520364bcca39e572,threshold_scale,1.25,1,3,12,0.15,1.25,50,3,2,F1,108,14.172010106,14.172009204,9.020000000248274e-07,0.07930851,37,160,0.76875,1299,300,6401,5,574.0125,1322.373625,1
threshold-scale-1p25,520364bcca39e572,threshold_scale,1.25,1,3,12,0.15,1.25,50,3,2,F1,109,14.178160535,14.178161631,-1.0960000000892478e-06,0.075842381,37,160,0.76875,1299,300,6401,5,586.2,1350.46775,1
threshold-scale-1p25,520364bcca39e572,threshold_scale,1.25,1,3,12,0.15,1.25,50,3,2,F3,100,15.022666036,15.7829911,-0.7603250639999999,0.192637133,22,160,0.8625,499,150,7351,2,312.7375,720.544,1
threshold-scale-1p25,520364bcca39e572,threshold_scale,1.25,1,3,12,0.15,1.25,50,3,2,F3,101,15.032558961,15.673707929,-0.6411489680000013,0.179961181,24,160,0.85,599,150,7251,2,352.525,812.129875,1
threshold-scale-1p25,520364bcca39e572,threshold_scale,1.25,1,3,12,0.15,1.25,50,3,2,F3,102,15.021565704,15.693642817,-0.6720771130000003,0.182459855,24,160,0.85,599,150,7251,2,370.7875,854.1985,1
threshold-scale-1p25,520364bcca39e572,threshold_scale,1.25,1,3,12,0.15,1.25,50,3,2,F3,103,15.075061541,15.714898221,-0.6398366800000002,0.179648733,24,160,0.85,599,150,7251,2,355.0875,818.0785,1
threshold-scale-1p25,520364bcca39e572,threshold_scale,1.25,1,3,12,0.15,1.25,50,3,2,F3,104,15.074734214,15.760842509,-0.6861082950000004,0.185260653,24,160,0.85,599,150,7251,2,361.5625,832.983,1
threshold-scale-1p25,520364bcca39e572,threshold_scale,1.25,1,3,12,0.15,1.25,50,3,2,F3,105,15.058801395,15.699915317,-0.6411139220000006,0.178711247,24,160,0.85,599,150,7251,2,349.625,805.42925,1
threshold-scale-1p25,520364bcca39e572,threshold_scale,1.25,1,3,12,0.15,1.25,50,3,2,F3,106,15.06659729,15.839506387,-0.7729090969999994,0.188237666,22,160,0.8625,499,150,7351,2,315.2625,726.34425,1
threshold-scale-1p25,520364bcca39e572,threshold_scale,1.25,1,3,12,0.15,1.25,50,3,2,F3,107,15.094853078,15.867205328,-0.7723522500000009,0.188053464,25,160,0.84375,649,150,7201,2,361.65,833.23225,1
threshold-scale-1p25,520364bcca39e572,threshold_scale,1.25,1,3,12,0.15,1.25,50,3,2,F3,108,15.016223015,15.775287621,-0.7590646060000008,0.192329811,22,160,0.8625,499,150,7351,2,306.775,706.8045,1
threshold-scale-1p25,520364bcca39e572,threshold_scale,1.25,1,3,12,0.15,1.25,50,3,2,F3,109,14.992441062,15.744740631,-0.7522995690000016,0.189488982,22,160,0.8625,499,150,7351,2,317.875,732.20175,1
threshold-scale-1p25,520364bcca39e572,threshold_scale,1.25,1,3,12,0.15,1.25,50,3,2,F4,100,14.032049419,14.628981172,-0.5969317529999998,0.284595736,79,160,0.50625,3349,1501,3150,14,1262.925,2909.66475,1
threshold-scale-1p25,520364bcca39e572,threshold_scale,1.25,1,3,12,0.15,1.25,50,3,2,F4,101,14.087470482,14.6456862,-0.5582157179999996,0.270084741,75,160,0.53125,3100,1500,3400,12,1231.4375,2836.9985,1
threshold-scale-1p25,520364bcca39e572,threshold_scale,1.25,1,3,12,0.15,1.25,50,3,2,F4,102,14.055254164,14.640476007,-0.5852218429999994,0.274188162,73,160,0.54375,3000,1550,3450,12,1237.925,2852.07275,1
threshold-scale-1p25,520364bcca39e572,threshold_scale,1.25,1,3,12,0.15,1.25,50,3,2,F4,103,14.102077637,14.669328105,-0.5672504679999992,0.270840385,75,160,0.53125,3100,1500,3400,12,1293.075,2979.134125,1
threshold-scale-1p25,520364bcca39e572,threshold_scale,1.25,1,3,12,0.15,1.25,50,3,2,F4,104,14.073570574,14.721445583,-0.6478750089999998,0.282646809,75,160,0.53125,2950,1950,3100,13,1311.625,3021.864875,1
threshold-scale-1p25,520364bcca39e572,threshold_scale,1.25,1,3,12,0.15,1.25,50,3,2,F4,105,14.026330419,14.645887715,-0.619557296,0.277827998,73,160,0.54375,3000,1500,3500,12,1195.775,2754.9975,1
threshold-scale-1p25,520364bcca39e572,threshold_scale,1.25,1,3,12,0.15,1.25,50,3,2,F4,106,14.051057237,14.700889168,-0.6498319309999996,0.286465616,78,160,0.5125,3250,1650,3100,16,1355.7875,3123.61475,1
threshold-scale-1p25,520364bcca39e572,threshold_scale,1.25,1,3,12,0.15,1.25,50,3,2,F4,107,14.120443162,14.742834364,-0.6223912019999993,0.277928589,78,160,0.5125,3450,850,3700,12,1295.35,2984.408,1
threshold-scale-1p25,520364bcca39e572,threshold_scale,1.25,1,3,12,0.15,1.25,50,3,2,F4,108,13.988551068,14.621937906,-0.6333868379999998,0.286876184,78,160,0.5125,3250,1450,3300,15,1321.5125,3044.69725,1
threshold-scale-1p25,520364bcca39e572,threshold_scale,1.25,1,3,12,0.15,1.25,50,3,2,F4,109,14.001705685,14.608883071,-0.607177386,0.284471886,79,160,0.50625,3250,1700,3050,13,1344.85,3098.39475,1
